name,phone,email,country,numberrange,currency,postalZip,address
Nissim Eaton,(785) 556-3732,eget.ipsum@yahoo.edu,Turkey,7,$63.14,A4H 8C4,Ap #200-7942 Sed Ave
Cynthia Barnes,(213) 752-7718,vivamus.nisi@protonmail.com,South Korea,10,$10.91,61679,7032 Nam St.
Beck Jacobs,1-331-935-8519,enim.diam@google.com,Vietnam,1,$55.73,765278,"P.O. Box 202, 9936 Posuere Ave"
Arthur Sanders,(743) 328-4903,ornare@protonmail.ca,Poland,10,$94.70,323416,"2778 Ornare, St."
Noel Cortez,(282) 571-2556,purus.ac@outlook.couk,Belgium,4,$73.77,6330,278-161 Fermentum Rd.
Kelsie Browning,(471) 231-3681,convallis@icloud.couk,United Kingdom,9,$64.62,72781-74767,432-7672 Nisl St.
Portia Albert,(295) 445-1332,imperdiet.erat@protonmail.ca,Poland,4,$36.79,165773,Ap #602-5989 Suspendisse Street
Raya Cash,1-238-574-7285,mauris@google.edu,Colombia,5,$69.12,7508,Ap #151-6114 Urna Street
Raya Cole,(477) 453-6741,a.enim@hotmail.org,Netherlands,6,$6.50,444769,1930 Dolor. Road
Kieran Tanner,(174) 789-8417,dolor@google.com,South Africa,2,$32.59,44-76,602-2171 Magna. Road
Lacy Sellers,1-537-703-5625,tempus.risus.donec@outlook.com,India,0,$49.02,48263,Ap #231-3612 Rutrum Rd.
Graham Spence,(496) 298-4755,cras.dolor.dolor@google.com,Mexico,3,$10.49,775751,"5710 A, St."
Kasimir Hood,(265) 169-8836,diam.luctus@yahoo.net,France,8,$13.65,38-64,Ap #416-7369 Massa. Rd.
Regan Shaw,(453) 937-4767,velit.eu@aol.net,South Korea,5,$8.53,1054-4840,907-3836 Dolor Street
Grace Brown,(117) 723-8832,sapien@aol.ca,Turkey,9,$84.94,40606,Ap #789-242 Aliquam Av.
Gabriel Dunn,1-364-462-2317,eu.nibh@google.net,Singapore,7,$81.02,639753,1990 Interdum. Rd.
Colton Meyers,(945) 674-2798,hendrerit@aol.org,Germany,1,$58.30,T52 6FG,Ap #686-1167 Ligula St.
Sharon Greene,(793) 751-1267,at.risus@aol.net,United States,7,$17.36,3389,Ap #291-2727 Blandit. Avenue
Vernon Alvarado,1-914-125-5571,duis.mi@yahoo.ca,Turkey,1,$33.50,64138,5720 Nec St.
Leandra Hahn,(833) 820-2128,aliquam.adipiscing@hotmail.ca,South Africa,2,$65.67,12704,Ap #201-8308 Non Avenue
Danielle Garner,1-271-604-5556,nec.ante@yahoo.couk,United States,2,$42.88,48354,Ap #532-6631 Augue St.
Cullen Parsons,1-858-497-7145,dui.fusce@outlook.ca,India,8,$68.93,65982-657,854-9326 Etiam Ave
Lee Becker,1-226-773-9617,pede.sagittis@outlook.net,Poland,2,$47.06,5763 HT,863-533 Quam. St.
Rajah Vaughn,1-245-754-4817,ut.sagittis.lobortis@aol.net,China,10,$88.19,4613 WU,Ap #531-3642 Orci Rd.
Preston Singleton,(934) 453-4110,aliquam.iaculis@outlook.net,New Zealand,6,$83.13,8351-2468,"P.O. Box 321, 4901 Vel Rd."
Raja Medina,1-740-628-4254,integer.urna.vivamus@hotmail.couk,Vietnam,7,$13.11,61324-77678,Ap #354-6793 Molestie Rd.
Shafira Rasmussen,1-742-441-1845,tristique.pharetra@hotmail.ca,Ukraine,5,$61.19,924676,8235 Curabitur Rd.
Brandon Estrada,1-811-311-3647,et.arcu.imperdiet@outlook.couk,Peru,6,$30.62,8404-0603,Ap #249-1838 Ante. Av.
Catherine Browning,(887) 655-9655,nulla.vulputate@outlook.ca,Mexico,4,$29.11,01645,729-497 Sem Rd.
Jemima Peck,(969) 302-1400,phasellus.elit.pede@hotmail.com,Costa Rica,4,$43.77,5903 CV,"Ap #731-3744 Iaculis, Road"
Yardley Boyle,1-664-589-3775,hendrerit@google.net,Belgium,3,$47.57,4359 EY,573-8006 Risus. Ave
Leigh Ford,(857) 586-7242,tincidunt.dui.augue@aol.couk,Turkey,10,$16.96,88363,Ap #106-5610 Ipsum. Rd.
Ivan Leonard,1-526-981-8869,ut.odio@aol.com,South Africa,5,$8.49,97812,3106 Ornare Av.
Andrew Irwin,1-102-880-4123,mi.ac.mattis@google.net,Indonesia,10,$90.21,848861,Ap #849-3863 Fusce Rd.
Candice Sloan,1-590-482-8772,nulla.cras@outlook.com,Germany,5,$58.56,664243,"P.O. Box 998, 2103 Justo Avenue"
Laith Benjamin,1-880-890-7237,ut.sem.nulla@aol.couk,Russian Federation,7,$63.25,5817 UU,460-4072 Tempus Avenue
Fredericka Kidd,1-561-624-4822,quisque.varius.nam@hotmail.edu,Spain,3,$19.13,08642,Ap #122-7766 Ultricies Ave
Lysandra Christian,(796) 856-0568,tempus.scelerisque@icloud.net,Italy,2,$62.94,09855,"P.O. Box 385, 5911 Nisi. Rd."
Lysandra Zamora,1-848-333-2138,nunc@aol.com,Poland,5,$42.10,21655,"P.O. Box 106, 9633 Dui. Av."
Selma Lyons,(167) 181-8958,tortor@protonmail.edu,Pakistan,9,$1.14,Y5 5EG,"5767 Lorem, Road"
Tanek Rogers,(407) 388-4504,cras.vulputate.velit@yahoo.ca,Austria,9,$90.87,8166-5488,3557 Arcu. Av.
Amery Beasley,1-527-717-0232,augue.sed@hotmail.edu,United States,8,$90.76,8758,758-6521 Egestas Av.
Jin Charles,(393) 882-4482,curae.donec.tincidunt@yahoo.org,Russian Federation,7,$31.21,4826,410-3332 Nam St.
Samuel Noble,1-562-873-8632,eu@outlook.ca,Austria,0,$16.98,295438,Ap #593-3674 Mi Street
Morgan Fowler,1-623-721-0824,dictum.ultricies@icloud.net,Peru,9,$57.15,10617,"P.O. Box 136, 4839 Fusce Avenue"
Ulla Gentry,(976) 772-3296,nibh@outlook.com,Belgium,3,$35.57,1715,Ap #209-4688 Mi St.
Blake Peterson,1-556-948-6268,proin.vel@icloud.ca,Austria,7,$82.94,4734,699-4957 Ipsum. St.
Lewis Gould,(736) 682-9532,nisl@outlook.com,India,7,$10.82,911864,Ap #203-7040 Aliquet St.
Jesse Christian,(545) 811-3188,eu@aol.com,Turkey,4,$0.95,P4 5OD,"P.O. Box 167, 6507 Vel Ave"
Zenaida English,1-338-333-8747,nam.nulla@icloud.com,United States,8,$50.43,3641 CX,"891-1590 Dui, Road"
Lamar Sloan,1-599-651-5557,lacinia.mattis@aol.com,Indonesia,5,$62.12,12673,"P.O. Box 860, 7134 Tempor St."
Kai Buchanan,1-785-552-2293,iaculis.nec@yahoo.net,Norway,8,$18.08,28219,"P.O. Box 630, 3716 Dolor. St."
Coby Espinoza,(832) 864-3833,donec@yahoo.org,Philippines,9,$39.35,01417,"238-8724 Mauris, Avenue"
Savannah Best,1-392-347-4404,quis.arcu@hotmail.edu,Nigeria,2,$25.25,2755-4276,Ap #173-5180 Laoreet Street
Chadwick Reynolds,1-705-202-6443,semper@google.org,Turkey,4,$5.46,407315,"P.O. Box 238, 9725 Nulla Ave"
Serina Benson,(775) 258-2483,gravida@google.couk,Spain,7,$88.34,7767,Ap #448-8716 Quam. Avenue
Alfreda Ortega,1-778-976-8611,neque.sed.sem@google.org,Philippines,7,$65.49,8653,"Ap #824-6644 Non, Rd."
Urielle Howard,(441) 563-7777,sed.pharetra@hotmail.org,Spain,5,$79.56,58180,Ap #243-7332 Aliquam Road
Macaulay Burt,(471) 547-6982,lorem.auctor.quis@google.com,Pakistan,9,$76.46,86229,"P.O. Box 632, 1193 Commodo Street"
Zeph Herrera,(776) 754-5135,ut.erat.sed@icloud.com,Norway,3,$5.26,Z06 2XG,Ap #556-6799 Metus Av.
Nicholas Barker,(790) 734-5388,magna.et.ipsum@outlook.couk,Pakistan,7,$56.97,16523,"P.O. Box 413, 5932 Sed Av."
Micah Reese,(824) 525-8083,nunc.sollicitudin@google.couk,France,10,$43.69,51434-47841,Ap #879-4381 Lobortis Avenue
Troy Parsons,(801) 329-9861,arcu.et@protonmail.edu,Pakistan,3,$55.06,60191-918,671-9452 Erat St.
Reagan Woodward,1-273-854-5737,adipiscing.mauris@aol.org,Turkey,7,$1.95,41114,Ap #575-679 Lorem Road
Barrett Dickson,(307) 332-6964,proin@google.ca,Belgium,9,$89.18,2778,Ap #839-9111 Ridiculus Ave
Nicholas O'connor,1-225-735-3727,dignissim@protonmail.ca,South Africa,8,$40.81,411325,"Ap #138-3734 Non, Av."
Tanek Rodgers,1-542-668-5838,nunc.nulla@icloud.ca,Chile,2,$4.45,53649-697,Ap #149-4308 Consectetuer Av.
Rhea Rogers,(453) 506-8334,amet@icloud.net,Austria,10,$68.74,866579,702-7531 Cras St.
Odessa Hurley,1-395-741-8299,fermentum.vel@hotmail.edu,South Korea,9,$99.65,3166 VZ,196-3056 Aliquam Street
Linda Mccoy,1-224-415-9953,pharetra.ut.pharetra@icloud.com,India,4,$57.62,2737,228-6118 In St.
Hilary Dudley,(283) 751-2219,ac.arcu@yahoo.ca,Germany,3,$24.38,13-384,"Ap #529-8774 Nec, St."
Roth Stanley,(111) 763-7235,velit.pellentesque@outlook.ca,South Korea,10,$52.82,59133,"P.O. Box 276, 7564 Sit St."
Mari Giles,(736) 221-1417,dolor.elit.pellentesque@google.org,Nigeria,1,$32.90,4557,"9341 Id, Rd."
Hayfa Hughes,1-368-626-1388,cursus.et.magna@protonmail.net,Ukraine,4,$69.47,6132-4705,"P.O. Box 703, 4514 Lacinia Street"
Hammett Cunningham,1-396-693-5944,luctus.felis@yahoo.org,Austria,5,$10.62,602110,272-6433 Quis St.
Miriam Baird,(507) 652-1264,urna.convallis@outlook.net,Pakistan,3,$64.78,08428-63457,Ap #259-3402 Tincidunt Avenue
Rajah Allison,1-212-971-1361,sollicitudin.a.malesuada@icloud.org,Singapore,7,$71.53,3323,"2722 Montes, St."
Serina Gonzalez,1-108-245-6345,ante.lectus.convallis@google.couk,South Africa,6,$65.32,24376-015,7479 Lacus. Avenue
Eagan Miranda,1-396-481-9538,fusce.fermentum@yahoo.couk,Ireland,5,$93.58,25452-556,Ap #335-338 Id Avenue
Talon Vargas,(610) 860-4312,enim.commodo.hendrerit@icloud.ca,New Zealand,9,$14.55,5183,564-7344 Magna. Rd.
Colin Greene,1-597-564-3737,egestas@icloud.edu,Mexico,7,$99.84,30611,"P.O. Box 105, 7819 Eget, Avenue"
Josephine Bolton,1-227-863-7272,nascetur.ridiculus@outlook.org,United Kingdom,9,$80.21,89962,"P.O. Box 335, 4806 A Rd."
Nelle Burnett,(623) 855-8345,luctus.lobortis@google.net,Canada,0,$98.44,16614-856,140-7568 Sit Road
Jillian Preston,(609) 567-0816,ipsum.phasellus.vitae@protonmail.com,Mexico,6,$60.69,84728,Ap #350-4450 Sagittis Road
Shad Kramer,(495) 446-2339,arcu.vivamus@google.ca,Italy,5,$52.96,13750,6997 Primis St.
Keith Holt,(511) 369-9246,mauris.quis.turpis@google.net,Ukraine,7,$30.10,83586,Ap #783-5159 Vestibulum Street
Armando Rowland,(245) 457-3306,quisque.ac.libero@yahoo.com,France,4,$58.72,9449,1832 Aenean Rd.
Rhona Garrison,(494) 239-3284,dolor.sit@google.edu,South Africa,7,$58.87,63-17,"P.O. Box 550, 7490 Mollis. Rd."
Blossom Faulkner,(114) 574-1566,et.rutrum.non@protonmail.edu,Austria,3,$96.98,631065,Ap #327-4196 Risus. St.
Jonas Mcintyre,(721) 515-3247,aliquam.rutrum@yahoo.ca,Peru,6,$20.66,8767,629-3836 Dignissim Av.
Keith Buckley,(542) 844-1766,erat.vel@hotmail.net,Russian Federation,4,$25.32,141368,545-3685 Mauris Ave
Chantale Greer,(123) 296-1576,risus@hotmail.com,Netherlands,4,$93.26,12517,Ap #804-8660 Sit St.
Isaac Reeves,1-966-584-2409,per.conubia@hotmail.com,Peru,0,$57.09,99866,3869 Est. Av.
Piper Fisher,1-595-626-8262,mollis.phasellus@icloud.ca,Germany,4,$23.04,442135,418-9223 Nunc Avenue
Chiquita Hester,1-236-461-5635,commodo@aol.edu,India,2,$75.01,981553,"450-7274 Nec, Rd."
Thor Kaufman,(638) 755-5627,mauris.vestibulum.neque@protonmail.ca,Germany,2,$81.54,301724,Ap #647-1748 Massa. Rd.
Barclay Baird,(237) 258-5435,cras@yahoo.edu,Turkey,2,$91.28,88864,"P.O. Box 715, 8673 In St."
Rooney Church,1-438-869-3368,quis.urna.nunc@outlook.ca,Turkey,8,$87.91,8726,104-6323 Vestibulum Avenue
Caleb Mcpherson,1-439-122-5717,pede@hotmail.edu,Ukraine,1,$73.26,851733,Ap #315-9312 Ut Avenue
Ella Barry,1-191-615-7870,et.malesuada@hotmail.couk,United States,1,$75.74,31571,362-1973 Lorem. Road
Yardley Duffy,1-855-917-1619,tellus.imperdiet.non@aol.ca,Vietnam,2,$0.02,73779-51191,"Ap #339-968 A, Rd."
Uriel Olson,1-548-336-8725,in.molestie@protonmail.net,Pakistan,10,$88.26,575597,"148-9012 Adipiscing, Street"
Igor Beach,1-351-321-6313,dui.in.sodales@protonmail.com,Ukraine,4,$35.01,651561,3590 Amet Av.
Hasad Carson,1-228-215-0313,mauris.id@outlook.com,Canada,1,$35.39,1831,5818 Euismod Road
Lunea Beard,1-238-786-5491,amet.lorem.semper@outlook.ca,Ireland,9,$61.58,22888-12183,"P.O. Box 787, 1460 Elit, Avenue"
Rebekah Woodward,1-733-279-7583,a.enim.suspendisse@aol.org,Austria,6,$84.95,68E 1M9,778-1617 Sit Street
Galena Osborn,1-856-538-7276,eu.tellus@outlook.couk,Russian Federation,6,$36.19,83460,499-8758 Auctor. Av.
Ursula Francis,(320) 384-4257,mauris.aliquam@outlook.couk,South Korea,9,$73.42,5352,5565 Semper Street
Sydney Mcclure,1-203-994-7435,in.magna@aol.net,Netherlands,6,$20.53,227130,330-2446 Feugiat Ave
Tara Bell,(732) 255-3899,in.felis.nulla@protonmail.couk,Spain,10,$49.75,S3Y 6Y8,Ap #751-2250 Quisque Av.
Aidan Key,(604) 719-3458,lobortis.ultrices@hotmail.couk,Philippines,10,$51.84,1603,"482-2859 Congue, St."
Caleb Watson,1-433-687-4804,nam.tempor.diam@outlook.edu,Philippines,7,$96.29,395511,"Ap #452-7490 Nec, Av."
Thomas Montgomery,(555) 105-1128,montes.nascetur.ridiculus@hotmail.edu,Germany,4,$90.75,69207-62464,260 Dictum. Street
Autumn Moody,(537) 540-4116,quam@aol.net,Vietnam,2,$56.67,8354,2284 Tempor St.
Signe Washington,1-437-879-5265,adipiscing.mauris@icloud.couk,Indonesia,6,$28.84,6934,655-9847 Magna. St.
Shaeleigh Crawford,(486) 225-7891,sociis.natoque@yahoo.couk,Peru,9,$78.57,35164,"3773 Ac, St."
Aspen Good,(674) 553-8361,faucibus.id.libero@protonmail.couk,Canada,7,$65.71,8325,Ap #669-6016 Donec Street
Flavia Freeman,(281) 618-5240,vestibulum.massa@google.ca,Poland,6,$65.39,H1S 7XJ,"P.O. Box 544, 7582 Arcu Avenue"
Guinevere Dillard,1-305-745-2055,lobortis.tellus.justo@aol.couk,Turkey,9,$25.51,I55 0NY,378-1219 Sed Road
Ashely Conner,1-885-503-7785,donec.porttitor@google.edu,Sweden,9,$84.76,84-85,764-7296 Malesuada St.
Brody Pacheco,(858) 269-1275,tellus.suspendisse.sed@aol.ca,United States,5,$50.35,28716,850-987 Penatibus Rd.
Angelica Greer,(531) 932-9835,consectetuer.cursus@hotmail.edu,Ukraine,2,$1.30,50105,353-2353 Pharetra. Ave
Kameko Hester,(500) 786-1553,mi.pede@hotmail.edu,Mexico,3,$53.13,781428,171-7467 Gravida Av.
Erich Trujillo,1-383-169-5025,sed.facilisis@hotmail.net,India,5,$99.95,367522,695-7935 Aliquet. St.
Ezra Tate,1-178-806-0401,et@outlook.com,Italy,9,$92.45,UR3 5WJ,1689 Fermentum Rd.
Tad Jarvis,(357) 291-9313,ut@aol.net,Brazil,7,$49.04,64241,"P.O. Box 181, 4817 Nec Avenue"
Leroy Morse,1-438-656-2961,eleifend.vitae@hotmail.com,Pakistan,0,$60.76,354376,519-3327 Lorem Rd.
Xena Gregory,1-377-838-7486,ipsum.dolor.sit@google.org,Nigeria,4,$58.02,216638,"P.O. Box 712, 5817 Vel, Rd."
Devin Duncan,1-497-814-3845,venenatis.a@outlook.net,India,9,$30.24,9224,Ap #393-4632 At St.
Brennan Salazar,(531) 204-9802,tristique.neque@google.couk,Russian Federation,8,$5.24,84808-17286,"P.O. Box 177, 7592 Libero. Avenue"
Eve Elliott,1-783-738-5602,luctus.vulputate@google.edu,Italy,1,$73.47,55043,Ap #132-9062 Aliquam Street
Wallace Fischer,1-541-627-3676,curabitur.massa@google.couk,China,3,$49.64,32826,612 Quis St.
Medge Ray,1-425-877-5762,tellus@protonmail.ca,Poland,3,$57.16,23-461,3970 Vitae Street
Paul Ingram,1-449-238-8293,amet.nulla@aol.edu,Chile,9,$73.97,4128,"977-2211 Leo, Rd."
Breanna Langley,1-247-727-3654,tellus.faucibus@protonmail.couk,Colombia,5,$78.76,372406,Ap #292-4378 Ante. St.
Inga Acosta,(616) 868-2424,primis.in@icloud.edu,Ireland,9,$39.18,86275,9240 Ac Street
Garrison Quinn,(282) 275-1867,nulla.aliquet@google.com,Canada,5,$43.22,30370,Ap #873-5133 Nec Road
Philip Mcguire,1-423-555-6991,elit.erat.vitae@icloud.edu,Norway,4,$23.58,563241,Ap #123-4041 Ridiculus Street
Jaden Glover,(800) 481-4331,eu.dolor@outlook.net,Chile,1,$30.79,5339,"1863 Non, Av."
Aquila Adams,1-415-811-1525,curabitur.dictum@icloud.ca,Poland,8,$66.40,9718,946-2957 Nibh. Avenue
Oleg Fry,(296) 764-2022,vulputate.ullamcorper@yahoo.org,Ukraine,6,$27.82,12804,"P.O. Box 605, 8968 Non, Rd."
Dora Raymond,1-678-468-3146,aenean.euismod@hotmail.edu,India,9,$15.49,4448,"446-8816 Et, Ave"
Edan Lee,(651) 888-5414,lacinia@google.edu,Mexico,8,$20.69,13198,923-1301 Ante. Ave
Vance Wise,1-617-333-1087,orci@protonmail.com,Australia,3,$38.43,7866,Ap #703-3860 Rhoncus. St.
Bradley Mckay,1-305-963-5666,consectetuer.adipiscing@hotmail.edu,Poland,6,$83.43,2793,"P.O. Box 912, 6384 Lorem Street"
Alden Church,(783) 886-1856,pede.praesent@protonmail.com,Singapore,5,$70.25,356733,998-3938 Hendrerit Street
Ori Snow,1-536-723-4802,nam.consequat@protonmail.com,Ukraine,4,$42.56,38-226,887-996 Penatibus Road
Charissa Crane,(386) 755-6463,donec.tincidunt.donec@outlook.net,Poland,9,$53.58,644639,262-3682 Risus Av.
Scarlett Whitehead,(628) 488-3511,semper.cursus.integer@yahoo.com,Netherlands,6,$19.90,86685,823 Tristique Road
Cherokee Webster,(147) 317-0255,nisi.sem@yahoo.ca,New Zealand,6,$49.89,G8 2MU,"P.O. Box 852, 4884 Tincidunt Rd."
Carlos Vega,(584) 221-8820,tempor.augue@yahoo.edu,Brazil,4,$82.76,616715,"Ap #230-7311 Sem, St."
Lacota Diaz,(708) 533-7015,sed.pharetra@yahoo.edu,Mexico,3,$41.06,81618,"Ap #959-3118 Eleifend, Street"
Joan Randolph,1-464-464-8975,at.velit.cras@protonmail.com,Turkey,3,$11.51,790722,Ap #374-651 Phasellus St.
Jennifer Barron,1-174-415-0891,nec.mauris@google.edu,Austria,0,$48.47,T2T 8C1,421-4175 Fermentum Rd.
Lysandra Austin,1-316-141-2616,id.mollis.nec@protonmail.org,Vietnam,7,$16.12,6621,"P.O. Box 872, 172 Et, Av."
Piper Wolfe,1-547-828-5847,viverra@yahoo.net,Turkey,2,$27.06,75714-018,669-6731 Nisi. Avenue
Yvonne Cochran,(198) 882-6575,odio.vel.est@outlook.com,United States,1,$74.06,658118,291-9735 Pellentesque Avenue
Aspen Ramsey,1-443-458-1112,lorem@hotmail.edu,Turkey,7,$18.45,7812,9284 Proin Road
Damian Walters,1-452-472-4273,odio.vel@icloud.org,Philippines,7,$3.97,28-43,Ap #918-260 Sed St.
Serena Rodriguez,1-862-445-7481,dolor.nonummy.ac@yahoo.couk,China,4,$92.28,76844,Ap #714-4003 Nec Rd.
Emerson Harmon,1-780-316-8238,magna.duis@outlook.org,Russian Federation,6,$16.43,63095,"P.O. Box 701, 2077 Lectus St."
Tyler Myers,(544) 107-7317,magna@google.ca,Ukraine,1,$16.56,97-86,Ap #294-8347 Mus. Rd.
Erasmus Berry,(831) 882-2745,pede.ultrices@yahoo.net,France,5,$51.75,059282,Ap #266-670 Gravida Ave
Cameron Berry,1-581-363-2168,ligula.consectetuer.rhoncus@hotmail.net,Belgium,8,$51.18,28344,"Ap #704-4574 Non, Road"
Holly Jimenez,1-866-371-8685,donec.dignissim@aol.net,Australia,2,$96.34,46782,Ap #330-3555 Ut St.
Cailin Mercer,1-364-330-4113,at@icloud.net,Costa Rica,7,$96.35,89244,289-942 Iaculis Avenue
Alec Wilcox,(803) 594-0960,nisi.nibh@icloud.net,Italy,1,$63.12,2157,Ap #572-9051 Lectus. Rd.
Tucker Mullins,(763) 521-4213,lobortis.quam@hotmail.net,Costa Rica,4,$60.31,885494,544-2009 Mauris Rd.
Leilani Johns,(663) 767-4958,feugiat.sed@hotmail.ca,Philippines,2,$13.32,256174,"230-2510 Dolor, Rd."
Germaine Clark,1-713-741-3415,velit.cras.lorem@protonmail.org,Pakistan,5,$1.66,7298-8816,460-8996 Condimentum. Av.
Aidan Morton,(813) 770-9776,fermentum@icloud.net,Mexico,3,$65.49,35388,709-4138 Erat. Rd.
Xantha Hodges,(714) 835-2783,vestibulum.nec.euismod@aol.ca,Brazil,3,$54.40,48444-86774,"851-9382 Nostra, St."
Quinlan Fitzgerald,(840) 481-4004,metus.aliquam@icloud.edu,Germany,4,$89.95,14475,666-5340 Massa. Avenue
Oren Cochran,(909) 708-6376,magna@aol.edu,Germany,1,$0.71,14414,Ap #934-6824 Eget St.
Eaton Simpson,(116) 559-2045,et@protonmail.edu,India,3,$64.04,68455-253,Ap #287-4699 Non Ave
Odysseus Weeks,1-863-784-5436,placerat.cras.dictum@hotmail.couk,South Africa,6,$97.61,96143-78327,Ap #660-8056 Diam. St.
McKenzie Crosby,1-213-455-1644,luctus.et.ultrices@protonmail.net,Ukraine,8,$17.94,8456,"412-6261 Nec, St."
Steven Rivera,(341) 826-3556,eu.sem.pellentesque@google.com,Brazil,2,$79.99,650184,7685 Elit Rd.
Velma Rodriquez,1-634-475-7200,est.mauris@hotmail.com,New Zealand,4,$66.04,4123,576-2459 Egestas. Avenue
Xyla Cash,(368) 444-6858,cubilia.curae.donec@outlook.net,Singapore,5,$60.55,693634,Ap #242-1884 Natoque Av.
Maggy Golden,(383) 255-0682,nulla.donec@aol.com,South Africa,8,$89.47,71703,320-2471 Velit. Road
Xandra Stokes,(245) 433-5672,mauris.eu@google.edu,Sweden,10,$68.08,Y8E 4Y5,362-1984 Pellentesque Ave
Lara Mckay,(852) 348-9177,ornare.egestas@icloud.couk,Pakistan,1,$26.63,39271,769-5973 Integer Avenue
Urielle Terrell,(732) 576-8719,quisque.ornare@google.edu,Ukraine,8,$43.62,53463,Ap #474-4285 Nibh. Road
Brandon Lambert,(426) 283-4460,nunc.interdum@google.net,Mexico,8,$38.22,25662,180-2257 Risus Street
Zephr Joyner,(607) 981-6413,adipiscing.fringilla@hotmail.org,Austria,4,$48.36,6300,"P.O. Box 309, 9186 Nunc Street"
Lani Beasley,1-388-525-4576,curabitur.vel@outlook.couk,Sweden,2,$1.97,8862,"3359 Auctor, St."
Catherine Campbell,1-387-805-4431,luctus@aol.org,Russian Federation,7,$77.62,29221,227-5539 Lorem Rd.
Lydia Barnett,(214) 892-1372,mi.fringilla.mi@outlook.edu,Colombia,2,$29.13,725726,642-4631 Dignissim Ave
Rahim Rivera,1-285-522-3263,porttitor@icloud.org,Nigeria,0,$90.60,244467,Ap #975-6874 Sit Road
Hannah Gill,1-394-313-8877,nulla@protonmail.ca,Pakistan,8,$49.78,586585,2835 Pellentesque St.
Camille Pearson,(445) 444-5147,nunc.ullamcorper.eu@hotmail.edu,Costa Rica,6,$68.78,3713-8674,9503 Ligula. Avenue
Hamilton Alvarez,1-486-946-9018,semper.rutrum@icloud.edu,New Zealand,7,$67.28,10213,"P.O. Box 266, 7029 Vitae, Rd."
Lareina Cantu,1-511-581-4124,vitae.semper.egestas@protonmail.ca,New Zealand,5,$97.48,7979 QX,"P.O. Box 760, 4799 Pellentesque St."
Lesley Hubbard,(572) 469-5827,sociis.natoque.penatibus@outlook.ca,Turkey,7,$57.00,864298,Ap #812-218 Mi Avenue
Nicholas Sanford,1-752-173-0274,lacinia.vitae@google.ca,Philippines,3,$21.60,7733 CP,1927 Nunc St.
Noelle Barlow,1-328-322-2458,donec.egestas@outlook.ca,Ukraine,4,$81.74,11319,551-4890 Sed St.
Malik Howell,(214) 523-8484,luctus.et@google.net,United Kingdom,4,$62.40,7615 PB,354-4138 Justo Ave
Genevieve Fry,1-488-176-4473,velit.justo@icloud.org,Colombia,8,$80.14,26763,6660 Leo. Avenue
Emery Church,(342) 261-0216,dictum.cursus@icloud.ca,New Zealand,10,$2.04,4305,7246 Mollis Ave
Britanney Butler,1-458-334-5270,dapibus.gravida@hotmail.ca,China,6,$39.47,619565,162-432 Magna. St.
Seth Mayer,(937) 486-7883,interdum.sed.auctor@yahoo.edu,Norway,0,$65.75,599262,Ap #126-6638 Malesuada St.
Chester Gamble,1-997-783-5192,ac.mattis@protonmail.com,Pakistan,9,$96.97,43282,"P.O. Box 449, 5361 Nisi. Rd."
Halee Preston,(474) 322-5929,placerat.augue.sed@aol.ca,Singapore,1,$22.95,0825 ML,Ap #243-4155 Quam St.
Buckminster Conway,1-575-487-1530,congue@protonmail.org,South Korea,1,$70.13,33-94,"P.O. Box 455, 6266 Nisl Rd."
Zephania Pace,(713) 261-1282,sed.dictum@aol.edu,Nigeria,8,$55.58,3188 BE,9328 Vitae St.
Jamal Burris,1-803-585-4077,et.lacinia.vitae@google.com,Philippines,8,$20.46,4063,Ap #148-5526 Quis Ave
Kitra Noble,1-560-705-1487,luctus.felis.purus@google.net,Peru,5,$4.85,61615,"769-8434 A, Rd."
Sebastian Bartlett,1-386-435-1377,non@google.edu,New Zealand,6,$25.69,07321,911-2855 Metus. Road
Eve Gordon,(770) 857-6645,tristique.ac@google.edu,Peru,10,$39.12,54751,Ap #576-3817 Et Ave
Brent Petty,(586) 921-4342,commodo.hendrerit@icloud.net,United States,9,$6.96,62468-54213,187-6091 Sit Road
Hayfa Castaneda,1-272-667-2959,velit.justo@outlook.com,China,3,$75.99,83173-089,3136 Aenean Ave
Britanney Ross,(463) 577-7785,magna.phasellus@icloud.com,Ukraine,8,$98.20,31805,8115 Varius Road
Ivy Ratliff,(811) 892-8262,fermentum.risus@icloud.ca,Norway,10,$48.32,7258,Ap #353-972 Tellus Rd.
Thaddeus Pacheco,(570) 258-6133,venenatis@protonmail.net,Sweden,1,$24.83,15723,533-4368 Non Rd.
Zachary Newton,1-843-655-4120,mus@hotmail.org,Sweden,9,$62.93,188447,Ap #703-1657 In Av.
Wendy Dodson,(327) 423-8172,interdum.enim@protonmail.couk,Pakistan,7,$11.00,3654,674-158 Dignissim Rd.
Tatum Good,1-321-144-8484,ac.tellus@aol.net,Austria,1,$53.27,33636,406-5914 Neque St.
Emerald Mcneil,(822) 364-1172,phasellus.vitae@hotmail.org,Canada,10,$45.97,662184,632-7460 Ipsum Avenue
Beverly Patrick,(578) 267-6412,nunc.sed@protonmail.com,China,3,$35.52,92832-821,"P.O. Box 972, 6947 Gravida. Ave"
Plato Bullock,1-355-661-6144,phasellus@aol.edu,Canada,8,$0.54,11195,532-7149 Mauris St.
Kirsten Livingston,(125) 415-9314,nullam@aol.ca,Ireland,5,$58.28,79369,4892 Ante Ave
Dominique Savage,1-345-353-0700,arcu.vel.quam@aol.edu,Pakistan,4,$23.50,706252,"148-382 Fringilla, St."
Ishmael Chaney,1-347-532-8883,vivamus.molestie@outlook.ca,Australia,2,$89.90,XT6L 3UB,7062 In St.
Amaya Mcintosh,(241) 790-6186,sem@yahoo.org,Norway,5,$70.65,472405,Ap #343-5791 Vehicula Rd.
Otto Klein,(933) 760-3723,mauris.magna.duis@protonmail.edu,Pakistan,5,$27.16,9453,Ap #112-550 Aenean Rd.
Kane Mcclain,1-684-259-8182,interdum.sed.auctor@outlook.ca,India,1,$0.95,238164,Ap #292-3753 Pede. Avenue
Pascale Lyons,(619) 618-1226,mauris@hotmail.org,France,8,$47.90,42-25,877-9230 Malesuada Avenue
Madeline Benton,(681) 373-7347,purus.mauris@aol.com,Russian Federation,2,$12.79,C7X 5ME,"5452 Pede, Rd."
Kaseem Frederick,1-401-470-3678,a.aliquet@yahoo.org,South Korea,9,$43.13,D0E 4Y1,Ap #118-994 Auctor Rd.
Tamekah Ratliff,1-745-967-4176,amet.faucibus@google.com,Poland,8,$32.06,55772,"Ap #117-805 Id, Road"
Kennedy Davenport,(674) 285-4713,vitae.diam@yahoo.org,South Africa,4,$87.34,622416,Ap #782-1656 Lobortis Av.
Kylan Shields,(213) 104-9170,etiam.bibendum@hotmail.net,Brazil,4,$79.36,53287,"P.O. Box 344, 740 Nec Ave"
Ryan Tillman,1-226-479-5235,est.mauris.eu@aol.com,Turkey,2,$53.01,5570 ML,187-1670 Lobortis St.
Henry Hudson,1-226-956-0621,non.egestas@protonmail.ca,Italy,3,$20.55,183228,861-2953 Vitae Avenue
Connor Simpson,(188) 475-2186,mauris.blandit.mattis@aol.com,Belgium,4,$15.58,840880,Ap #394-5619 Purus Road
Idona Cooper,1-363-645-4781,non@icloud.com,Peru,5,$41.55,5125,"385-7633 Semper, Rd."
Chaney Matthews,1-928-305-6645,auctor@aol.ca,United States,1,$98.84,5436,"P.O. Box 557, 4347 Erat Rd."
Briar Newton,1-531-694-7656,pharetra.nibh@protonmail.net,Ireland,6,$55.59,162084,"Ap #130-9260 Elementum, Road"
Phelan Hartman,1-128-218-3761,scelerisque@yahoo.net,China,2,$63.87,188237,Ap #329-7917 Commodo St.
Keaton Holt,1-302-600-1338,ac.turpis.egestas@outlook.ca,France,5,$36.15,89067,Ap #304-681 Tincidunt Ave
Mariam Murphy,1-140-565-3378,non.lorem.vitae@aol.couk,Germany,8,$41.79,117988,9693 Aliquet. Street
Briar Hutchinson,(384) 756-3726,risus.nunc@yahoo.edu,Vietnam,6,$99.68,5326,Ap #114-1082 Dolor Road
Kelly O'brien,1-978-911-3426,diam.eu@hotmail.edu,Australia,7,$58.72,2886,3754 Parturient Ave
Dustin Faulkner,(474) 665-3518,maecenas.malesuada@google.edu,Netherlands,6,$76.31,486447,"P.O. Box 770, 5394 Sollicitudin Av."
Brandon Bishop,(811) 868-6642,ante.iaculis.nec@outlook.ca,United States,1,$13.75,309501,Ap #273-6917 Egestas Street
Xantha Mcneil,1-652-972-1476,eu.placerat@icloud.ca,Netherlands,5,$46.38,2972,228-2835 Justo Av.
Ivor Clements,1-458-392-8448,mauris.vel.turpis@protonmail.ca,Mexico,7,$16.98,48472,296 Eu Ave
Oscar Rodgers,(332) 537-8321,nonummy.ac@outlook.net,China,6,$51.86,6707,894-9227 Amet Rd.
Colin Rivers,(820) 648-2374,donec.vitae.erat@google.net,Spain,0,$74.78,93425,976-2264 Ut Ave
Ariel Goff,(110) 544-6247,tempus.risus@icloud.couk,Peru,8,$14.91,875677,Ap #643-7396 Quam Rd.
Jorden Ashley,1-685-584-9753,egestas.a@outlook.org,Austria,3,$81.52,345336,6835 Rutrum Street
Merrill Mann,1-127-127-9517,dictum.eu@google.com,Spain,9,$27.76,7250-1698,305-4547 Faucibus Av.
Upton Fitzpatrick,(663) 281-7273,suspendisse.sed@icloud.couk,Russian Federation,9,$55.84,3981,600-7623 Eget Av.
Tara Tate,1-952-323-8942,lacus@protonmail.net,Australia,5,$96.37,45-42,Ap #513-1343 Nam Road
Raya Alford,(210) 677-6956,at.libero@yahoo.com,Spain,1,$14.17,951258,Ap #681-4934 Nibh. St.
Edan Flynn,(324) 556-7232,proin.non@icloud.ca,South Africa,0,$0.59,99614,"P.O. Box 279, 8018 Dolor. Av."
Hollee Fleming,(749) 556-5308,tincidunt@outlook.couk,Chile,4,$2.34,0313-4393,"6707 Orci, Rd."
Magee Dorsey,(862) 868-6252,torquent.per.conubia@icloud.net,Turkey,9,$58.63,3528-4719,6678 Erat Rd.
Scarlett Baker,(614) 455-5086,donec.nibh@google.ca,Canada,3,$91.87,14539,Ap #399-4622 Molestie Rd.
Jenette Kinney,(850) 562-9802,elementum.dui@outlook.org,Russian Federation,1,$93.06,92-280,"922-1885 At, Rd."
Judith Ochoa,(721) 841-3212,a.arcu@aol.couk,India,4,$13.16,42408-72263,Ap #960-4438 Ipsum. Av.
Alvin Guerra,(789) 816-1805,sed@yahoo.org,Canada,1,$49.85,8071 LW,Ap #111-1061 Placerat Road
Evelyn Park,1-677-837-8494,lobortis.augue.scelerisque@outlook.edu,China,3,$19.18,35177,"P.O. Box 114, 6754 Sed Road"
Irene Valenzuela,(858) 536-4373,at.pede.cras@google.edu,Chile,10,$21.13,65705-465,"428-3388 Amet, Street"
Ahmed Colon,(291) 625-8075,lacus.quisque@google.edu,Poland,5,$26.57,938577,Ap #364-9913 Adipiscing Road
Daniel Wilcox,1-683-664-6140,montes.nascetur@protonmail.edu,Colombia,8,$51.09,76234,8573 Et Road
Troy Russo,(735) 517-7537,elit.pretium@google.org,Mexico,2,$88.53,77180,811 Aliquam Avenue
James Whitney,(481) 156-7999,nisi.nibh@protonmail.org,Pakistan,10,$16.70,346358,2057 Phasellus Ave
Laurel Parks,(976) 835-5880,vestibulum.ut.eros@aol.net,Costa Rica,4,$26.84,4526,5199 Fusce Street
Herrod Munoz,1-451-690-3498,etiam.laoreet.libero@yahoo.ca,Vietnam,0,$58.74,3517,9340 Imperdiet Rd.
Yasir Hood,(267) 473-7781,lobortis.tellus@google.com,Costa Rica,7,$33.27,12781,547-9039 Neque. St.
Hilda Wilkerson,(260) 417-5619,sit.amet@outlook.org,Russian Federation,9,$1.75,77863,"P.O. Box 410, 3382 Augue Av."
Shana Dominguez,(388) 753-0513,vulputate.eu@protonmail.ca,India,8,$71.63,58118-323,Ap #403-4346 Arcu. St.
Mercedes Blevins,1-586-144-4071,aliquam.erat@aol.net,Belgium,2,$18.99,8487,227 Blandit Av.
Jasper Avila,1-608-822-2684,leo@outlook.org,Pakistan,1,$42.84,G5C 1C8,"P.O. Box 294, 2493 Conubia Road"
Miriam Nixon,(661) 507-4479,suspendisse.dui.fusce@yahoo.org,Mexico,7,$15.24,74533,Ap #584-5473 Vestibulum Av.
Dawn Arnold,(778) 372-5864,cras.interdum.nunc@google.ca,France,8,$14.09,534287,"752-516 Ut, Avenue"
Fuller Ellison,(896) 463-3402,elit.pellentesque@protonmail.ca,Canada,1,$61.22,12769,"P.O. Box 414, 1848 Tincidunt St."
Colby Pierce,(842) 535-8297,odio.aliquam.vulputate@google.ca,Peru,8,$95.48,58331-74653,Ap #797-3614 Lacus St.
Kyra Lawson,1-356-668-7436,metus.in@google.net,Canada,6,$84.38,74-25,738-4202 Fermentum Ave
Hayley Hansen,1-333-313-2858,lacinia.orci@outlook.edu,Netherlands,1,$55.32,476492,657-5470 Elit Av.
Hiram Dodson,(262) 630-0804,sed@icloud.couk,Ukraine,2,$75.88,601856,878-5189 Ligula Ave
Warren Logan,(901) 342-1251,leo.in.lobortis@icloud.edu,Turkey,8,$59.92,2420,Ap #454-9933 Cum Road
Matthew Fletcher,1-452-142-3812,eu.nulla@yahoo.net,Ireland,5,$1.50,07696,"P.O. Box 520, 1628 Mauris Rd."
Xyla Larsen,(764) 638-0658,lobortis.risus.in@aol.ca,Turkey,3,$31.99,16061,Ap #545-8956 Porta Road
Stephen Simpson,1-341-484-6856,dapibus.quam.quis@aol.net,Germany,3,$30.87,616200,Ap #822-6839 Velit. Rd.
Shad Foster,1-276-782-2472,pede@hotmail.edu,Austria,8,$0.36,62762,"P.O. Box 959, 8357 Convallis Road"
Silas Doyle,(775) 267-5113,congue.in@protonmail.ca,Vietnam,7,$54.81,16-96,923-8244 Sagittis Avenue
Mark Hunt,(118) 578-7924,tellus.lorem.eu@icloud.com,Ukraine,4,$73.61,872578,225-4132 Nec St.
Giacomo Mclaughlin,(611) 486-7273,est.congue@aol.net,Pakistan,4,$68.04,4119-2863,831-2530 Sem. Av.
Lillith Barr,(739) 376-1584,hymenaeos@protonmail.edu,Costa Rica,7,$14.21,73-32,165-1493 Et Rd.
Valentine Garrett,(222) 765-6342,luctus.sit@protonmail.couk,Canada,1,$70.57,85687,235-5317 Quam Street
Kelsie David,1-319-688-0783,vel@hotmail.couk,Colombia,3,$74.17,61242,"P.O. Box 833, 3709 Vel, Av."
Candace Ware,(742) 729-4038,mi.ac.mattis@outlook.edu,France,6,$39.62,17408,"667-9550 Pede, Road"
Isaiah Neal,1-347-101-2574,mi.lorem@protonmail.com,Nigeria,0,$14.98,27-936,"P.O. Box 510, 7333 Mattis. Street"
Uta Duffy,(201) 252-0644,donec.egestas.duis@aol.edu,France,0,$84.83,50102,"Ap #664-859 At, Rd."
Madaline Cruz,1-742-632-2957,mi.eleifend@yahoo.net,China,4,$31.40,87670-877,375-9283 Quis Av.
Vanna Garrison,1-882-281-7423,maecenas.ornare@google.net,China,9,$70.44,MQ1 3IK,541-4589 Sagittis Road
Keiko Brooks,1-524-181-4563,duis@icloud.com,Mexico,3,$99.63,72196,"P.O. Box 963, 150 Ultricies Av."
Nita Leon,1-358-656-6374,et@yahoo.net,Australia,9,$53.85,755838,950-5298 Erat Ave
Colleen Benjamin,1-569-527-9361,ultrices.sit@yahoo.net,Indonesia,8,$64.01,278833,"P.O. Box 601, 9168 Enim. Street"
Cassidy Orr,(668) 742-9394,morbi.quis.urna@protonmail.ca,France,4,$73.12,20407,974-8242 Enim Rd.
Plato Garza,(362) 733-2089,risus.donec@outlook.org,Philippines,2,$21.54,51512,"P.O. Box 393, 7605 Vel, Avenue"
Fallon West,(677) 639-1423,eget.venenatis@google.ca,South Korea,8,$76.01,651030,670-1695 Ultricies Rd.
Octavius Simpson,(728) 225-5136,vitae.nibh@google.ca,Italy,3,$36.66,61326,"728-7322 Id, St."
Berk Ellison,(742) 619-4143,orci@aol.org,Philippines,0,$54.70,81626,587-8747 Diam Road
Myra Stokes,(685) 959-2020,natoque.penatibus@aol.edu,Nigeria,1,$34.40,238265,210-7448 Nascetur Ave
Celeste Carlson,1-745-980-4941,ut.erat@yahoo.net,Poland,3,$95.92,55763,"P.O. Box 985, 1735 Et Avenue"
Thane Frank,1-792-427-9055,nibh@icloud.net,Norway,7,$92.24,17919-00618,"P.O. Box 143, 9478 Nunc. Av."
Nyssa Webster,(846) 145-9648,morbi.tristique@yahoo.ca,India,3,$86.22,2605,Ap #817-685 Consequat Rd.
Joel Short,1-363-986-5481,nonummy.ut.molestie@yahoo.org,France,7,$78.00,42659,Ap #958-4483 Ac Avenue
Madonna Oliver,1-947-464-0526,ornare.tortor@google.edu,Norway,6,$54.47,J5P 6B3,101-4423 Tellus. Road
Daniel Harper,1-711-860-3290,elit.nulla.facilisi@protonmail.ca,China,1,$48.27,96173-064,"P.O. Box 729, 5912 Morbi Street"
Maite Figueroa,1-965-738-6171,tempus.lorem.fringilla@aol.ca,United Kingdom,8,$61.37,842865,"Ap #419-8563 Elit, Ave"
Vera Joseph,1-522-308-4128,enim.nec@icloud.couk,Norway,7,$35.47,4773,Ap #144-4260 Mollis Avenue
Yael Booker,(474) 316-4497,quam.vel@hotmail.ca,South Korea,1,$41.61,3288 FQ,477 Ac St.
Dean Robles,1-528-503-3142,placerat.cras@hotmail.net,Germany,2,$84.01,65606,"P.O. Box 329, 736 Orci St."
Xenos Bryan,(635) 132-3163,ornare@aol.couk,Costa Rica,4,$60.83,5736,"P.O. Box 511, 8500 Ante St."
Gillian Gordon,1-278-498-3181,lorem.vehicula@aol.org,Peru,3,$57.06,U7M 6QF,5309 Curabitur Road
Brittany Hewitt,1-622-874-2344,tellus@protonmail.com,Chile,6,$60.23,15644,714-7874 Aliquam St.
Ariel Fernandez,(321) 642-6018,commodo.ipsum.suspendisse@yahoo.edu,New Zealand,0,$19.37,28785,Ap #660-6683 Tincidunt Road
Chandler Miranda,1-421-890-5546,tellus.justo@icloud.net,Belgium,8,$54.59,26296,Ap #309-3632 Vitae St.
Abel Madden,(349) 865-2812,sit.amet@yahoo.net,Australia,9,$59.07,5237,899-7253 Imperdiet Road
Kelly Dalton,(252) 964-4004,nunc.ac.mattis@protonmail.couk,Indonesia,7,$65.21,3795 YQ,Ap #125-1199 Nunc Av.
Jayme Mcleod,1-444-394-6525,vivamus.nisi.mauris@protonmail.org,France,8,$81.53,02-212,920-2172 Tellus. Road
Craig Downs,1-714-551-7921,metus.facilisis@aol.org,Germany,3,$56.78,20-313,Ap #279-4142 Purus. Ave
Marsden Holland,(726) 807-3931,sem.vitae@aol.net,Netherlands,9,$87.11,CB99 4ZJ,423-7315 Gravida Rd.
Jane Wheeler,(638) 378-3614,vehicula@yahoo.couk,Costa Rica,6,$44.79,4368,"P.O. Box 334, 2360 Ac, Av."
Lars Lee,1-534-437-6352,nunc@hotmail.org,France,9,$8.37,31719-19846,224-5381 Pede. Road
Mikayla Moore,1-336-773-2571,enim@protonmail.net,Netherlands,4,$33.89,6288,150-2137 Risus. Av.
Beatrice Mercer,1-374-423-0513,facilisis@hotmail.com,Costa Rica,9,$55.28,326253,278-7884 Maecenas Rd.
Hanna Morgan,(539) 712-4786,neque.sed@protonmail.couk,Canada,10,$0.36,7478,Ap #796-8000 Cubilia Rd.
Seth Morse,1-182-744-5451,malesuada.augue@protonmail.net,Peru,2,$12.15,756136,Ap #760-6956 Aenean St.
Denise Sandoval,1-313-847-1157,nec@google.net,Netherlands,3,$82.72,677322,931-4783 At Street
Nomlanga Faulkner,1-437-233-0229,lacus.pede@google.net,South Korea,9,$10.84,17873-66425,"608-9658 Pede, Avenue"
Veronica Ellis,(365) 487-6569,elit@google.net,Turkey,4,$98.68,586045,Ap #907-9485 Nulla Av.
Hakeem Clayton,1-377-284-3863,dui@hotmail.couk,Russian Federation,6,$13.51,157962,2688 Eget Street
Alisa Kerr,(157) 922-9673,a.arcu.sed@yahoo.edu,Indonesia,4,$35.59,02-631,370-9693 Donec Rd.
Britanni Emerson,(727) 657-7966,leo.vivamus@google.ca,Turkey,1,$42.11,41251,3822 Mauris Street
Jordan Joyce,(128) 237-5211,nulla@outlook.edu,New Zealand,7,$89.84,53778,"8226 In, Road"
Lana Charles,(381) 270-7527,metus.urna.convallis@google.couk,Indonesia,1,$93.51,236760,Ap #664-4030 Molestie Street
Mollie Orr,1-652-877-3700,sapien@protonmail.edu,Colombia,1,$96.99,16525,Ap #765-4460 Donec Av.
Tanner Adams,(711) 236-2848,nunc.in@outlook.edu,Ukraine,7,$24.03,299762,Ap #115-1854 Tellus St.
Rama Dawson,(266) 555-5248,dolor.quam@yahoo.couk,Italy,1,$32.28,3575,955-3456 Mauris Rd.
Aimee Yates,(530) 267-7742,adipiscing.elit@aol.edu,Canada,3,$69.84,212578,597-2742 Duis Rd.
Martin Cash,(538) 706-4850,nisi@outlook.ca,Peru,3,$11.56,GO4 9EA,1045 Primis Avenue
Demetrius Martinez,1-573-330-4818,nam.ligula@outlook.com,Netherlands,5,$89.80,37244-09576,"P.O. Box 566, 7473 Nascetur Rd."
Christopher Velez,1-852-453-2438,quisque@icloud.org,Austria,5,$19.62,65823,"5802 In, Road"
Nicholas Fuentes,(112) 366-7671,penatibus@yahoo.com,Australia,6,$99.95,L7 6CS,586-7603 Imperdiet Av.
Emerald Pennington,1-575-767-2252,odio.a.purus@google.net,Netherlands,6,$82.26,552138,797-4080 Nullam Rd.
Amber Stevenson,1-466-486-5328,viverra.donec@google.edu,Belgium,5,$19.00,25585,Ap #644-8850 Ultrices. Street
Hop Manning,(982) 634-3737,sed.dictum.proin@hotmail.ca,China,7,$67.75,86029,3465 Cursus. St.
Kaseem Herrera,1-238-794-5841,suspendisse.dui@protonmail.ca,Ukraine,6,$1.90,7452,"P.O. Box 754, 4034 Tristique Av."
Chancellor Wong,1-657-357-2246,aliquam.ornare.libero@yahoo.couk,Belgium,5,$62.89,31200,9439 Nisi. Av.
Iliana Potts,(581) 782-5534,diam.sed@google.com,Ireland,3,$49.27,5479,8791 Dapibus Avenue
Martin Fleming,1-536-298-7682,magnis.dis@google.ca,South Africa,5,$71.23,9552,510-3229 Sed Avenue
Serena Schultz,(952) 921-5491,ornare.fusce@google.edu,India,3,$85.06,28977,"P.O. Box 851, 2087 Vulputate, Street"
Wang Roberson,(915) 583-6413,risus@icloud.net,Belgium,3,$12.65,7528,Ap #859-4792 Donec Avenue
Richard Vazquez,(451) 915-3105,sed.sapien.nunc@protonmail.org,China,5,$72.64,1189-1651,6399 Phasellus Rd.
Wade Flores,(685) 880-5321,diam@aol.edu,Poland,1,$51.94,25716,327-7552 Sed Road
Halee Whitaker,(559) 467-8897,amet.consectetuer.adipiscing@yahoo.ca,Philippines,4,$69.47,2911,5981 Donec Rd.
Dora Jordan,1-512-353-4592,vivamus@protonmail.net,Chile,4,$44.74,932459,"614 Montes, St."
Cailin Kemp,1-883-145-6317,vulputate.risus@yahoo.net,Norway,3,$32.59,7425-1995,"P.O. Box 726, 879 Urna. St."
Clarke Kennedy,1-598-817-9668,mi@aol.ca,Mexico,7,$86.76,16722,7179 Quisque St.
Jessamine Foster,(481) 824-7768,fames.ac@icloud.com,Vietnam,9,$78.94,532665,846-5218 Quis St.
Boris Nixon,1-528-744-5342,vel.sapien@google.net,Vietnam,3,$55.09,046129,Ap #271-7532 Tempus Av.
Sylvia Lloyd,(773) 262-1322,libero.integer@icloud.org,Spain,7,$48.11,75133,"Ap #320-4251 Dui, Avenue"
Nissim Ewing,(785) 781-7646,feugiat.non@icloud.couk,Chile,2,$4.01,60W 2S5,"P.O. Box 815, 2498 Integer Rd."
Murphy Hull,1-458-825-6486,integer.vitae.nibh@hotmail.edu,Ireland,6,$81.20,447463,192-5815 Orci Ave
Iola Fox,(688) 638-6478,aliquet.phasellus@icloud.edu,South Korea,2,$87.72,53673,426-631 Etiam Avenue
Britanni Ayers,1-699-807-9586,in.nec.orci@outlook.org,Turkey,6,$62.15,8717,1007 Nullam Rd.
Vernon Duncan,1-506-726-4217,eget.laoreet@yahoo.com,Russian Federation,4,$70.19,1270,8513 Amet St.
Myles Moran,(534) 400-7212,aliquet@hotmail.edu,Chile,2,$25.59,09329,"P.O. Box 692, 4310 In Av."
Galvin Sutton,(145) 598-1970,pharetra.felis@yahoo.net,Australia,6,$99.25,44775,693-2512 Tristique Rd.
Aspen Allen,(258) 450-8836,ligula.aenean@aol.edu,China,2,$10.75,377135,Ap #572-3478 Habitant St.
Stella Johns,(216) 894-2075,vel.faucibus@hotmail.org,Belgium,9,$75.05,31481,Ap #738-2204 Augue Road
Vance Sparks,(988) 385-4772,dapibus.gravida@hotmail.org,Italy,1,$44.27,674565,Ap #640-447 Dis Street
Kiara Rutledge,(911) 586-3877,lobortis.tellus.justo@aol.ca,Belgium,9,$18.67,442970,"647-9087 Ornare, Rd."
Lev Stephens,(874) 362-5721,dictum@google.com,France,4,$57.37,61185,237-9147 Venenatis Av.
Avram Miles,1-349-358-4914,morbi@icloud.org,Austria,0,$7.79,211354,359-2841 Nullam Road
Isadora Bolton,1-612-787-3323,metus.sit.amet@google.edu,Mexico,4,$0.58,773638,379-2702 In Rd.
Bert Reynolds,(642) 623-3917,mauris.sagittis@google.org,Mexico,1,$71.94,7421-2501,693-4276 Sed St.
Lyle Warner,(501) 455-2130,nunc.ullamcorper@outlook.edu,Pakistan,0,$12.43,7147,Ap #705-3764 Nisi Rd.
Timothy Leblanc,1-413-445-0834,urna.justo@outlook.couk,Chile,0,$20.23,24755,"P.O. Box 261, 8539 Rutrum, Road"
Zenaida Cleveland,1-686-865-2614,pellentesque.tincidunt.tempus@yahoo.com,United States,9,$19.42,NH4 4EM,207-8524 Vivamus Ave
Bruce Nolan,1-216-546-0258,tincidunt@hotmail.com,United Kingdom,0,$51.81,95994,4470 Consequat St.
Herman Wilkinson,(861) 748-8843,taciti.sociosqu@protonmail.org,Mexico,3,$79.25,352627,Ap #863-7639 Malesuada St.
Cade Marquez,1-776-339-6686,ornare.fusce@google.org,Russian Federation,7,$42.96,594733,"P.O. Box 165, 9943 Ipsum St."
Thomas Beasley,1-856-475-6334,nisi.nibh.lacinia@aol.net,Germany,2,$38.54,871411,429-5092 Ac St.
Chiquita Byrd,1-975-964-2292,amet.diam.eu@aol.ca,Sweden,1,$5.35,U1C 4B8,"P.O. Box 747, 6764 Risus Rd."
Kylee Pacheco,(627) 431-4620,sed.molestie.sed@aol.couk,Norway,5,$39.22,802881,"P.O. Box 437, 226 Velit. Avenue"
Rhoda Gross,(970) 652-7645,facilisis.eget@aol.couk,Ireland,6,$46.89,44277,7262 Vulputate Ave
Fritz Hines,1-352-312-9126,auctor@protonmail.couk,Chile,8,$74.45,98724-54536,422-2503 Enim Street
Cally Nicholson,(898) 445-3354,mauris.sagittis.placerat@outlook.com,Austria,4,$48.33,5533,Ap #246-3436 Cursus Rd.
Burke Richardson,(867) 320-3708,lorem.eget.mollis@icloud.edu,Canada,5,$47.90,9506,"P.O. Box 727, 2856 Nec Ave"
Hollee Russo,(318) 556-3565,cursus.a.enim@aol.org,United Kingdom,4,$30.68,418615,325-7867 Fringilla St.
Sopoline Decker,(127) 510-6731,proin@icloud.edu,Russian Federation,0,$2.84,2290 IC,Ap #644-6922 Nulla Av.
Latifah Chandler,1-617-648-6681,erat.semper.rutrum@protonmail.ca,Singapore,2,$3.39,0877 IY,103-9453 Eu Rd.
Wynne Moss,1-325-842-7858,arcu.ac.orci@hotmail.couk,Turkey,8,$83.85,27-43,3713 In Road
Raphael Ballard,(458) 122-6818,nunc.ac@icloud.com,Indonesia,7,$23.77,2267,"P.O. Box 254, 9403 Duis Avenue"
Portia Sexton,(272) 457-7837,amet@icloud.couk,Canada,8,$27.48,5807,Ap #961-5428 A Avenue
Samuel Wilder,(918) 195-0326,non.egestas@hotmail.org,South Africa,9,$62.85,51201,"Ap #291-2678 A, Street"
Bruce English,(677) 685-9541,nunc.quis.arcu@aol.net,Ireland,9,$73.62,37T 4E5,669-5081 Primis Rd.
Emma Chase,1-316-166-4112,fringilla.euismod@yahoo.org,Canada,10,$75.48,56-55,"119-7857 Pede, Road"
Wynter Bean,(896) 602-4836,et.netus.et@hotmail.ca,South Africa,1,$84.84,3576,Ap #187-1659 Dolor Road
Amela Ward,(349) 356-4182,mi.felis@protonmail.edu,Belgium,5,$89.19,89383,7673 Pede. Street
Cheryl Crawford,(988) 523-8845,ligula.tortor@hotmail.org,United Kingdom,4,$82.59,36-206,Ap #810-575 Pede Avenue
Ronan Russell,1-182-633-1013,aliquam@outlook.couk,Mexico,2,$90.81,50105,Ap #626-9787 In Road
Neville Day,(224) 241-1118,egestas@hotmail.net,Mexico,6,$92.26,6627,"307-8462 Aliquet, Avenue"
Samuel Brady,1-206-326-7862,cubilia.curae@google.net,Brazil,1,$41.86,654342,"P.O. Box 153, 6905 Laoreet, Av."
Richard Sexton,(723) 839-2132,lacinia@hotmail.net,Canada,6,$65.83,34702,656-4089 Nulla St.
MacKensie Guy,1-440-733-3028,et.malesuada.fames@outlook.org,Singapore,7,$46.68,78412,6377 Aenean Ave
Heather Roach,(832) 343-7073,euismod.est.arcu@aol.couk,Norway,7,$93.73,86296,"Ap #611-6279 Elit, Rd."
Willa Hamilton,(567) 713-2104,turpis.egestas@aol.ca,Norway,7,$13.00,2886,"P.O. Box 816, 6049 Dapibus Street"
Kieran Knox,1-339-677-8562,nascetur@google.com,Germany,4,$96.20,84383,"P.O. Box 889, 7289 Massa. Av."
Cade Rosales,(225) 702-3341,quisque@outlook.ca,Belgium,1,$70.63,90156,Ap #114-1231 Non Street
Holly Burris,1-246-851-4382,quam.dignissim@aol.net,Russian Federation,6,$46.88,122269,8046 Convallis Ave
Zelenia Elliott,(917) 151-4787,ante.vivamus@icloud.com,Indonesia,5,$27.35,21725,9025 Sit Ave
Zenaida Curtis,1-432-535-3773,sed.orci@aol.net,Ireland,2,$57.17,15J 2Y2,759-9713 Nec St.
Lynn Hudson,1-315-716-5899,augue.eu@yahoo.org,Netherlands,5,$45.29,43-845,Ap #797-7626 Facilisis. Ave
Emerson Orr,(398) 499-3411,a.nunc@hotmail.org,China,5,$76.96,37-72,146-2221 Euismod Rd.
Arsenio Beasley,1-225-845-3386,integer@hotmail.net,Sweden,10,$40.72,867198,"P.O. Box 420, 7814 Cras Rd."
Kai Neal,(368) 391-4465,interdum.enim@google.net,Mexico,7,$53.77,ID22 4BI,829-1527 Metus Av.
Kevin Vazquez,1-242-613-3611,tellus.sem.mollis@protonmail.couk,Norway,9,$81.29,1525,873-9262 Est Rd.
Orla Casey,1-612-782-3587,dui@hotmail.edu,Nigeria,8,$12.61,84387,972-8537 Vitae Street
Addison Hubbard,1-375-418-8118,auctor.ullamcorper@icloud.ca,Germany,1,$66.12,S0R 3W3,175-9679 Quisque Rd.
Kirestin Skinner,(231) 463-1972,pede.blandit@google.ca,Spain,6,$51.72,1165,"P.O. Box 417, 1061 Quam. Rd."
Melinda Golden,1-562-602-4434,aliquet.libero@outlook.org,Pakistan,9,$80.95,8284 HD,Ap #698-5007 Ante St.
Ronan Phelps,1-614-223-7632,libero.integer@google.com,Philippines,3,$65.87,836434,"P.O. Box 601, 617 Massa. Street"
Reece Moran,1-238-749-4532,arcu@yahoo.ca,Vietnam,7,$14.64,72752,Ap #504-9195 Tincidunt Av.
Solomon Suarez,1-212-272-4453,turpis.nulla@icloud.org,Italy,4,$26.58,7955,9262 At Av.
Belle Estes,(106) 811-6239,cras.lorem@outlook.org,Costa Rica,2,$36.49,60902,Ap #876-5030 Eu St.
Imelda Bean,1-665-731-2865,lectus.sit.amet@google.net,China,1,$55.66,774334,Ap #522-3528 Elementum Avenue
Jillian Chavez,1-634-277-1724,egestas@yahoo.couk,Italy,8,$95.30,840867,Ap #492-8886 Libero. St.
Zenia Bruce,(398) 167-8279,ultricies.adipiscing@yahoo.ca,Indonesia,1,$51.74,531112,Ap #767-216 Nunc Avenue
Ursula Bell,(846) 677-5023,mauris.sit@outlook.net,Pakistan,2,$47.48,7097,450-1510 Mauris Rd.
Alice Mays,1-541-503-1183,nunc.in@icloud.net,Peru,7,$94.95,55433-806,Ap #475-3176 Velit Street
Freya Carney,(295) 978-8218,cursus@hotmail.com,Netherlands,1,$43.87,502217,Ap #726-8525 Risus Rd.
Quentin Patel,1-417-181-3028,urna.vivamus@outlook.couk,Russian Federation,4,$2.30,30816,1260 Lacus. Av.
Desiree Kinney,1-330-525-2723,nullam@icloud.couk,Singapore,9,$52.35,51765-52725,"640-4941 Nostra, Av."
Barclay Mcmillan,(689) 532-7573,nascetur.ridiculus.mus@outlook.com,Pakistan,3,$21.52,72317,539-1403 Nec Avenue
Oliver Church,1-977-765-1141,aliquam.auctor@yahoo.couk,Colombia,6,$49.76,6465,Ap #991-5469 Erat St.
Karly Cabrera,(311) 264-1454,erat@icloud.edu,Poland,5,$94.62,14747,2140 Proin Av.
Hu Walker,(272) 734-7239,penatibus@yahoo.couk,Italy,8,$62.63,58296-464,636-761 Molestie Avenue
Dominic Lynn,1-567-731-5124,vitae.diam.proin@outlook.ca,Sweden,9,$34.15,3864,112-7200 Elit. Rd.
Tad Turner,1-197-274-6911,mauris.ut@icloud.couk,Peru,10,$98.68,T8P 8M4,272-1264 Molestie Ave
Arden House,(582) 838-5871,sit.amet@outlook.net,Vietnam,6,$9.00,28677,Ap #219-7192 Auctor St.
Macaulay Singleton,(584) 569-6535,varius.orci.in@yahoo.edu,Philippines,5,$4.56,696336,"P.O. Box 108, 753 Integer Ave"
Tanya Tyson,(225) 714-2801,vulputate@yahoo.couk,Costa Rica,6,$27.22,30426,Ap #937-9527 Vitae Street
Lavinia Blackwell,1-469-602-1442,elit.a@outlook.couk,Netherlands,6,$85.79,46944,289-3656 Posuere Ave
Charlotte Greene,(768) 428-4798,blandit.nam@protonmail.net,Singapore,2,$6.70,9827-1189,"P.O. Box 878, 9900 Volutpat. Rd."
Raymond Bradley,(352) 828-6552,dolor@yahoo.edu,United States,10,$3.51,62416,4878 Iaculis Ave
Renee Jacobs,(491) 535-6666,sollicitudin.a@icloud.ca,Italy,8,$78.00,35828,Ap #391-1201 Egestas St.
Ethan Mckenzie,(963) 728-9829,malesuada.id@protonmail.com,Pakistan,5,$6.28,37862,"P.O. Box 594, 4367 Ac St."
Eagan Yang,1-573-576-7807,nec.mauris.blandit@icloud.couk,Ukraine,3,$3.81,281577,Ap #305-7114 Turpis Street
Uma Blackwell,1-248-518-8509,tempus.lorem@icloud.org,Peru,0,$82.38,40816,"243-8052 Et, Road"
Tad Langley,1-532-525-8893,euismod@google.ca,Singapore,3,$44.33,886765,940-7456 Arcu. Rd.
Elizabeth Bond,1-341-578-1655,donec.egestas.duis@outlook.ca,Indonesia,8,$43.41,93003,819-1648 Orci. Avenue
Stacey Giles,(642) 641-8134,nec.ligula@yahoo.couk,Turkey,4,$5.70,76341,Ap #770-7918 Dictum Ave
Montana Wilkins,1-745-131-5442,nam.nulla@aol.com,Nigeria,10,$33.03,25154,Ap #258-4473 Tempus Rd.
Valentine Gutierrez,1-756-582-4204,magna.duis@outlook.org,Colombia,2,$91.82,7333,"149-9158 Id, Ave"
Inez Burke,1-187-854-3286,lobortis.risus@google.ca,Chile,0,$93.22,50106,"353-9923 Ac, Avenue"
Quon Haley,1-927-618-7571,luctus.ut@hotmail.edu,South Africa,4,$51.88,H2J 6T4,"P.O. Box 901, 7253 Ridiculus Ave"
Byron Ward,(842) 788-5093,est.mauris@outlook.net,Vietnam,4,$56.79,78156,312-3920 Sed Road
Calvin Juarez,(580) 786-6431,donec.dignissim.magna@protonmail.ca,Costa Rica,8,$40.25,5683,4234 Proin Rd.
Erich Cameron,1-389-563-4533,erat.semper@hotmail.couk,India,9,$90.07,21077,"Ap #326-5006 Lorem, Ave"
Thomas Chen,1-383-250-3151,semper.nam.tempor@google.edu,China,5,$68.84,01107,Ap #354-7743 Semper Road
Ishmael Simpson,(419) 784-7652,et.magna@protonmail.org,Russian Federation,7,$90.79,67-201,"P.O. Box 508, 1139 Justo. St."
Fay Tran,1-401-453-3692,bibendum.donec.felis@icloud.net,Colombia,7,$68.91,523334,"P.O. Box 300, 2387 Dui. Rd."
Quamar Pratt,1-253-517-1677,purus.maecenas.libero@aol.com,Singapore,4,$37.55,29582,"P.O. Box 726, 9550 Augue St."
Marvin Tillman,1-653-146-6483,facilisis.facilisis.magna@icloud.com,Pakistan,10,$68.79,436238,"Ap #847-9170 Lorem, Rd."
Joel Le,1-246-833-3587,sem.mollis@icloud.couk,Ireland,5,$41.77,45814,313-1317 Hendrerit Av.
Jasper Patterson,1-321-834-3280,arcu.sed.et@hotmail.com,United States,9,$75.28,43813,Ap #302-392 Curabitur Road
Ali Pena,1-671-638-4144,semper.erat@protonmail.couk,Colombia,1,$44.14,5242,569-234 Velit. Av.
Alexandra Lindsey,(755) 275-7853,pellentesque.ultricies.dignissim@outlook.org,Italy,10,$12.14,93-82,Ap #935-9486 Vestibulum Street
Jeanette Gentry,(631) 636-0146,mollis.vitae@google.couk,Vietnam,7,$89.29,582639,3798 Sit Road
Andrew Morales,1-423-277-2341,vitae.erat@icloud.edu,Belgium,2,$34.54,WA9F 4AH,"P.O. Box 897, 5889 Aliquam Street"
Cade Richard,(832) 611-6265,cum.sociis.natoque@icloud.couk,Brazil,4,$22.32,76738-248,Ap #401-4655 Morbi Street
Darrel Francis,1-530-683-8613,egestas.hendrerit.neque@outlook.com,Russian Federation,9,$16.21,72C 7R2,Ap #245-2112 Quis Rd.
Abigail Cardenas,1-844-468-8127,semper.pretium@outlook.org,South Africa,1,$19.16,965592,Ap #524-2198 Mi Street
Naomi Mejia,1-466-363-7425,nulla.vulputate@protonmail.edu,Austria,6,$44.81,586065,Ap #104-8062 Rutrum Rd.
Haviva Cooley,(892) 647-0782,enim.etiam@protonmail.org,Brazil,0,$46.74,7332,Ap #268-4672 Feugiat Street
Benjamin Slater,(726) 476-8157,elementum.lorem.ut@aol.net,China,10,$65.06,7226,Ap #204-2677 In St.
Wang Blackburn,1-529-767-8346,sagittis.semper.nam@icloud.org,Brazil,5,$56.06,503112,Ap #368-5347 Condimentum. St.
Cedric Kennedy,(782) 258-7737,adipiscing@google.edu,Norway,2,$44.93,48-72,134-3068 Ultrices Road
Sebastian Espinoza,1-571-257-3564,etiam.laoreet@outlook.net,India,3,$72.69,989718,"P.O. Box 935, 5952 Ante, Road"
Miriam Alexander,(875) 365-1913,sapien.molestie@hotmail.com,France,9,$99.14,28582,480-3795 Non Ave
Fulton Fowler,(288) 355-4132,nulla.aliquet.proin@hotmail.com,France,2,$27.25,82131,3984 Risus Rd.
Blaze Rutledge,1-281-298-5565,dignissim@hotmail.ca,Costa Rica,4,$74.82,4550,696-2962 Cras Road
Herrod Fisher,1-330-538-6338,orci.ut.sagittis@yahoo.edu,India,10,$68.57,50215,4573 Lacinia St.
Adrienne Patrick,1-402-847-4471,euismod.et@protonmail.net,Poland,8,$34.21,3922,"P.O. Box 447, 9112 Semper Rd."
Melissa Molina,1-415-221-2711,egestas.duis@icloud.com,Belgium,9,$92.81,780514,Ap #282-1991 Luctus Road
Gemma Hendrix,1-412-286-7132,felis.purus@hotmail.edu,Germany,6,$52.41,118882,300-9129 Elementum Av.
Alfonso Parrish,1-510-655-1153,urna.convallis@protonmail.org,Ireland,10,$23.52,32568,6927 Sapien. St.
Tobias Bartlett,(591) 606-5583,facilisis.eget.ipsum@hotmail.net,New Zealand,5,$55.95,530578,"P.O. Box 435, 9359 Volutpat. Rd."
Laith Guerra,(902) 161-7375,quis.accumsan@icloud.com,Nigeria,7,$12.16,R9V 4P2,746-4268 Tincidunt Rd.
Joseph Mcpherson,1-738-445-6629,sapien@hotmail.net,Vietnam,1,$59.31,7610,761-4470 Mauris. Avenue
Len O'connor,1-232-802-6741,ac.turpis.egestas@google.net,Mexico,7,$87.08,854377,Ap #110-9578 Semper. St.
Nyssa Parker,(650) 417-2701,id.ante@hotmail.couk,France,2,$1.91,2569,403-2231 Dictum St.
